mutations,delta_delta_g_gen_mbondi2,delta_delta_g_gen_error_mbondi2,delta_delta_g_gen_66_mbondi2,delta_delta_g_gen_66_error_mbondi2,delta_delta_g_pb_mbondi2,delta_delta_g_pb_error_mbondi2,delta_delta_g_gen_opt1,delta_delta_g_gen_error_opt1,delta_delta_g_gen_66_opt1,delta_delta_g_gen_66_error_opt1,delta_delta_g_gen_opt5d,delta_delta_g_gen_error_opt5d,delta_delta_g_gen_66_opt5d,delta_delta_g_gen_66_error_opt5d
F497A,-1.5148,0.3155,-0.3055,0.5124,0.2959,0.7698,-81.7376,14.7323,-0.8650,0.8210,-152.0080,10.6831,-0.9496,1.1884
S375A,0.0201,0.0279,-0.0016,1.0371,-0.0091,0.2133,-2.6176,5.7884,-0.0129,1.0318,-17.2572,13.4787,-0.0040,1.0239
D428A,0.0164,0.0025,-0.7223,3.9135,1.8396,0.2952,-0.4476,0.2949,-0.7330,3.9221,-1.4095,2.8415,-0.7316,3.9212
N422A,0.0346,0.0538,-0.0105,0.9106,-0.1479,0.3447,-92.5733,25.4597,-0.0152,0.9295,-27.6019,4.2193,0.0136,0.8978
T500A,-3.1059,1.5363,-6.3376,2.2133,-5.1837,1.7671,-4.6220,21.5954,-7.2883,2.2529,118.2041,25.2750,-7.0423,2.4372
P463A,-0.0015,0.0006,0.0113,0.2202,0.0081,0.1048,-2.2248,0.9421,-0.0031,0.2002,-14.4944,6.5160,0.0063,0.1505
N481A,0.0697,0.0232,-0.0096,2.1188,-0.0210,0.1664,12.2619,5.3923,-0.0200,2.1133,23.4255,11.7377,-0.0132,2.1063
L335A,-0.0003,0.0002,0.0207,0.2314,0.0019,0.0743,2.5083,0.8470,0.0061,0.2048,2.8437,5.1396,0.0157,0.1610
R355A,-0.0276,0.0037,0.6768,2.8207,-1.8266,0.5769,48.1719,5.0268,0.6638,2.8068,-45.9122,28.5611,0.6755,2.8095
Y495A,-0.5786,0.3213,0.1374,1.2683,1.8196,1.8654,-37.8269,9.3365,0.1910,1.3947,-82.5256,20.2799,-0.1388,1.5710
F342A,-0.0043,0.0022,0.0102,0.2451,0.1465,0.3449,-7.2121,2.8744,-0.0060,0.2221,-132.5584,28.0396,0.0037,0.1804
N360A,-0.0000,0.0004,0.0198,1.2445,0.0069,0.1933,1.2224,0.5398,0.0070,1.2450,4.0375,2.5695,0.0143,1.2366
K444A,0.3025,0.1364,0.0689,8.5951,-2.5333,0.4282,0.1799,9.7517,0.1187,8.6187,98.1505,29.1086,0.1252,8.6104
T430A,-0.0003,0.0003,0.0088,0.5086,0.0275,0.1486,4.1742,1.3375,-0.0059,0.4870,-3.4686,5.7094,0.0027,0.4819
T393A,-0.0000,0.0002,0.0165,0.3278,0.0095,0.1384,2.4959,0.6307,0.0016,0.3040,16.2979,12.7104,0.0101,0.2775
N460A,0.0987,0.0231,0.0194,1.5347,0.1133,0.1625,16.7374,5.0339,0.0038,1.5374,36.8037,19.5886,0.0150,1.5308
Y380A,-0.0014,0.0026,0.0065,0.3580,-0.0072,0.3530,-1.1868,1.9994,-0.0096,0.3492,-49.0119,12.2390,0.0014,0.3204
I472A,0.0939,0.0628,-0.0778,0.2565,-0.0116,0.2229,4.5512,7.2785,-0.0183,0.2177,-49.1679,16.6300,0.0177,0.1777
Q414A,0.0635,0.0210,0.0089,3.1561,0.0456,0.2136,30.8507,9.5225,-0.0088,3.1340,32.1087,26.7134,0.0012,3.1405
Y423A,-0.0120,0.0043,0.0139,0.3023,-0.0197,1.9206,-6.6261,3.0846,-0.0031,0.2929,-129.2954,12.9012,0.0045,0.2688
N354A,0.0029,0.0023,0.0013,1.1283,0.0309,0.1853,2.0964,2.8525,-0.0137,1.1103,3.2922,8.5948,-0.0054,1.1091
S494A,-0.1807,0.1491,0.1333,1.6168,0.0747,0.3142,-3.7776,9.8160,0.1039,1.5888,58.0701,16.7143,0.1949,1.5854
H519A,-0.0001,0.0003,0.0286,0.9185,0.0109,0.1427,0.3045,0.2483,0.0187,0.9158,3.8532,1.8197,0.0274,0.9034
P491A,-0.1283,0.0452,-0.0473,0.2413,-0.0134,0.1540,-15.5317,5.5144,-0.0656,0.2166,-2.9571,10.8227,-0.0685,0.1719
S399A,0.0017,0.0022,0.0115,0.9081,0.1060,0.2317,2.9901,2.3694,-0.0041,0.8812,38.2829,13.6771,0.0033,0.8875
N501A,-5.6169,2.3225,-9.3969,7.3448,-8.2946,3.3068,-76.6381,51.6066,-11.6732,7.0312,-55.1124,17.4721,-13.0475,7.1418
V382A,-0.0001,0.0002,0.0140,0.2250,0.0427,0.2500,6.8902,1.6108,-0.0001,0.1990,-14.2509,14.2658,0.0090,0.1554
D467A,0.0389,0.0237,-0.5488,3.8880,2.1231,0.8175,-2.2788,3.2426,-0.5722,3.8920,31.3508,21.2197,-0.5771,3.8814
P384A,-0.0010,0.0003,0.0102,0.2196,0.0160,0.1090,-0.1030,0.5376,-0.0045,0.1960,-11.1558,10.1368,0.0053,0.1473
R346A,-0.0288,0.0406,0.4821,12.8802,-2.1309,0.3082,55.5784,27.7750,0.4630,12.8665,74.6617,29.8057,0.4778,12.8700
N487A,-0.9800,1.1649,-1.5242,3.8801,-0.8667,1.4775,33.1815,27.4098,-1.7720,3.9473,28.2175,40.6935,-1.8069,4.0022
S459A,0.0262,0.0103,0.0099,1.0570,0.0073,0.0851,-0.5547,2.1381,-0.0029,1.0518,-11.8779,6.4281,0.0055,1.0489
I402A,0.0531,0.0249,-0.0033,0.2364,0.3749,0.4447,-72.8830,10.8685,-0.0299,0.2116,-82.6396,6.4205,-0.0195,0.1747
Y453A,-1.1357,1.3106,0.1330,3.5201,1.9846,3.0590,-49.9609,23.7011,-1.5095,3.6512,-78.0110,36.6162,-1.6163,4.1106
L390A,-0.0004,0.0002,0.0180,0.2202,0.0474,0.2665,4.0344,1.2453,0.0034,0.1968,-18.2617,11.3261,0.0130,0.1513
S359A,-0.0001,0.0003,0.0093,0.8586,0.0198,0.1536,0.2563,0.3867,-0.0054,0.8525,2.9551,4.2763,0.0029,0.8434
V511A,0.0057,0.0027,0.0107,0.2247,0.1070,0.3375,-15.2206,4.4257,-0.0032,0.2002,-79.5935,8.1292,0.0057,0.1575
S514A,-0.0008,0.0009,0.0081,0.6861,0.0282,0.2190,1.8872,1.4340,-0.0064,0.6781,24.9442,11.6270,0.0023,0.6707
S373A,0.0032,0.0038,0.0043,1.1801,0.0028,0.1382,-1.0639,1.4642,-0.0098,1.1705,-8.7731,7.4042,-0.0013,1.1682
D398A,0.0315,0.0046,-0.6295,3.1161,1.2852,1.3545,3.7668,1.6079,-0.6304,3.1262,77.3807,8.1179,-0.6303,3.1204
S366A,-0.0000,0.0003,0.0110,0.5067,0.0100,0.1540,-0.0006,0.5054,-0.0036,0.5069,-2.9372,2.1509,0.0048,0.4882
V350A,0.0387,0.0173,-0.0046,0.2515,0.0810,0.5060,-42.1889,6.2577,-0.0195,0.2271,-68.5702,4.0923,-0.0154,0.1801
I410A,0.0092,0.0055,0.0080,0.2314,0.3149,0.6357,-24.8660,6.8321,-0.0105,0.2058,-99.3800,7.6308,-0.0026,0.1625
V445A,0.0320,0.0672,-0.1470,0.3140,0.1873,0.1902,21.3860,5.2612,0.1163,0.4618,10.9785,10.8579,0.1234,0.4542
R454A,0.1003,0.0582,0.4330,4.8096,-2.0814,0.8329,105.1918,23.7493,0.4737,4.8101,1.0899,31.5420,0.5554,4.8079
V503A,-0.0641,0.3127,-0.2087,0.6508,0.3175,0.5197,12.5189,18.2781,0.3570,0.9120,-29.3216,15.7631,0.3903,0.9730
T478A,0.2449,0.1752,0.1388,1.5391,0.2879,0.5141,18.3728,8.9069,0.1556,1.5133,-1.9025,15.1242,0.1613,1.4975
F377A,-0.0013,0.0009,0.0132,0.2236,0.0949,0.3744,1.2646,1.7385,-0.0034,0.2027,-65.5342,26.0171,0.0077,0.1576
L368A,-0.0006,0.0005,0.0131,0.2500,0.0926,0.4546,3.9240,1.8136,-0.0009,0.2228,-71.8794,25.4030,0.0080,0.1830
V407A,0.0298,0.0128,-0.0053,0.2422,0.1753,0.3488,-19.5329,8.5191,-0.0266,0.2285,-48.6117,11.4892,-0.0140,0.1804
R403A,-0.6446,1.4523,0.0121,16.0401,-2.1323,3.0423,283.9095,56.1607,0.3076,16.8599,335.5200,54.0970,0.6542,17.2578
F456A,-4.0884,0.9796,-2.5241,1.8062,-0.9790,1.5734,-73.2343,17.9892,-4.3272,2.2571,-143.7804,16.5753,-4.9154,2.4150
V433A,0.0075,0.0031,0.0040,0.2295,0.0877,0.4343,-8.1529,3.5111,-0.0104,0.2053,-76.9326,7.5382,-0.0021,0.1602
C379A,-0.0001,0.0006,0.0075,0.5716,-0.0607,0.2789,2.8753,1.6533,-0.0068,0.5617,-17.2516,9.0670,0.0016,0.5589
N440A,0.1047,0.0594,-0.0093,4.1728,-0.0094,0.1743,17.4523,8.8527,-0.0237,4.1773,12.2622,19.0823,-0.0144,4.1767
R408A,0.1117,0.1318,-0.0899,7.3906,-2.7245,0.4084,241.6041,32.1946,-0.0835,7.4174,360.6461,59.2899,-0.0549,7.4060
E340A,0.0197,0.0031,-0.7235,4.3078,1.8020,0.5803,1.3729,0.8983,-0.7345,4.3073,-8.4548,6.7266,-0.7328,4.2984
L517A,-0.0003,0.0002,0.0195,0.2372,0.0040,0.1655,2.9945,1.5516,0.0050,0.2116,-6.9250,9.0611,0.0146,0.1720
V401A,0.0125,0.0211,-0.0123,0.2410,0.0458,0.2988,-26.8691,9.2095,-0.0207,0.2148,-67.4344,6.1364,-0.0098,0.1785
P412A,-0.0025,0.0008,0.0098,0.2197,0.0019,0.0926,-2.9961,1.3153,-0.0044,0.1951,-8.7363,9.5450,0.0049,0.1491
K462A,-0.0122,0.0065,0.6925,4.6483,-1.8058,0.2941,-1.8898,1.7190,0.6766,4.6285,12.7126,11.1253,0.6910,4.6387
K356A,-0.0202,0.0042,0.7209,5.3351,-1.6999,0.3939,-0.5973,1.3910,0.7043,5.3170,10.5986,9.2403,0.7188,5.3262
V483A,0.0190,0.0133,-0.0259,0.2492,0.0212,0.0763,20.2556,3.3722,-0.0332,0.2354,16.0837,6.1084,-0.0190,0.1905
C480A,0.0329,0.0634,-0.0190,1.0724,-0.0169,0.1504,8.4697,8.2368,-0.0312,1.0852,-12.0164,13.2975,-0.0190,1.0756
F490A,0.0157,0.1266,0.4370,0.7687,0.5502,0.6395,-10.8123,5.4528,0.3109,0.7861,-41.4484,13.8697,0.6484,1.1355
V362A,-0.0001,0.0002,0.0187,0.2180,-0.0041,0.1153,3.0153,0.8635,0.0043,0.1940,2.0725,5.0958,0.0137,0.1473
C336A,-0.0002,0.0003,0.0103,0.4054,-0.0371,0.3204,2.1987,1.1517,-0.0040,0.3833,-14.6954,4.5403,0.0041,0.3811
D405A,0.6374,0.2331,0.0592,8.9437,3.0627,0.5404,-5.5337,9.8415,0.1123,8.8830,-21.2734,26.5268,0.0921,8.8661
V510A,0.0291,0.0103,0.0027,0.2335,0.2852,0.4617,-28.4927,6.2598,-0.0121,0.2099,-84.0697,4.8579,-0.0036,0.1689
Y473A,-0.6393,0.3725,0.1332,4.0973,0.8065,1.0033,-5.9056,5.7655,0.4643,4.2873,-99.1359,15.9380,0.7533,4.4535
F338A,-0.0008,0.0003,0.0182,0.2389,0.0763,0.5071,-0.8361,1.2079,0.0009,0.2184,-113.7252,21.8291,0.0136,0.1713
V524A,-0.0000,0.0002,0.0150,0.2208,-0.0245,0.3685,3.3784,0.9704,0.0007,0.1887,-31.8492,7.9873,0.0101,0.1461
R466A,-0.0221,0.0087,0.5872,3.8163,-1.8851,0.4096,50.0166,7.6335,0.5751,3.8069,-1.4863,36.7159,0.5844,3.8078
Y421A,0.0770,0.1408,-0.0745,2.8041,0.1836,0.2517,-19.4979,9.2191,-0.0720,2.8116,-87.2282,15.8355,-0.0670,2.8036
D442A,-0.0367,0.0496,-0.2710,5.9285,2.4236,0.8824,-3.6666,6.1384,-0.1768,5.9795,87.9271,10.7251,-0.1614,5.9708
Y489A,-8.2751,1.5788,-5.8608,3.3597,-1.5840,2.2737,-75.4789,20.8599,-8.0116,3.5791,-30.1021,21.0854,-8.7379,3.6217
F374A,-0.0031,0.0028,0.0095,0.2378,-0.0090,0.2544,1.1643,2.3130,-0.0031,0.2080,-97.5406,20.4846,0.0054,0.1682
N343A,0.0038,0.0038,0.0260,2.0267,0.0272,0.1470,4.6632,2.6386,0.0127,2.0277,10.2195,9.6858,0.0205,2.0208
N448A,0.1911,0.0773,-0.0496,0.9466,0.0027,0.2991,48.4097,11.0248,-0.0958,0.9453,49.1654,27.6252,-0.0975,0.9472
L441A,0.0115,0.0120,0.0082,0.2625,-0.0488,0.1361,12.5491,5.9619,-0.0131,0.2435,-10.6606,23.0716,-0.0032,0.2035
S383A,0.0002,0.0004,0.0138,0.8473,0.0010,0.0633,-0.5577,0.3837,-0.0007,0.8436,-3.2202,1.8985,0.0077,0.8334
S477A,0.1028,0.7570,0.0521,3.3336,0.1613,0.8387,-2.6938,9.9006,0.0541,3.2514,-23.5976,14.5698,0.0668,3.2519
T470A,0.0616,0.0184,0.0082,0.7713,-0.0095,0.1867,7.3095,3.1862,-0.0227,0.7699,-9.3429,8.1770,-0.0128,0.7663
T523A,0.0001,0.0002,0.0194,0.2764,-0.0351,0.1265,2.0965,0.5083,0.0045,0.2577,11.1054,4.3972,0.0131,0.2277
N388A,0.0004,0.0004,0.0249,0.8534,-0.0046,0.2533,5.9564,2.7761,0.0119,0.8345,-5.3444,8.5655,0.0195,0.8291
S469A,0.0047,0.0102,0.0122,0.7142,0.0116,0.1554,-3.4292,4.6634,-0.0007,0.7076,-10.1744,8.5531,0.0087,0.7027
D389A,0.0063,0.0010,-0.8642,3.1477,1.5950,0.3578,-0.0230,0.0763,-0.8766,3.1334,-3.1265,1.9098,-0.8745,3.1317
Y449A,-2.8963,2.8793,-3.0698,7.8817,-0.1337,3.7401,-49.5711,20.5615,-2.7321,7.9255,-54.7187,36.2377,-2.4117,8.2203
V367A,-0.0003,0.0002,0.0143,0.2241,-0.0107,0.1493,4.8999,1.3320,0.0001,0.1981,-11.1514,14.6281,0.0093,0.1529
I418A,0.0145,0.0339,0.0848,0.4115,0.5513,0.5065,-58.6323,13.9274,-0.0082,0.3004,-36.3087,17.4813,-0.0266,0.2343
S443A,0.0477,0.1931,-0.0270,1.6075,-0.0574,0.1942,7.2381,14.8559,-0.1734,1.6149,74.6483,36.4764,-0.1974,1.6024
K386A,-0.0083,0.0017,0.8314,4.6039,-1.5889,0.3830,1.7082,0.8331,0.8164,4.6023,3.1657,5.8433,0.8298,4.6071
R457A,0.0166,0.0270,0.4949,3.8447,-1.9417,0.4962,99.1844,9.8103,0.4823,3.8378,121.1060,33.3907,0.5106,3.8348
L387A,-0.0006,0.0002,0.0136,0.2246,0.1990,0.5224,6.9679,1.9139,-0.0010,0.1955,-64.4541,17.2399,0.0084,0.1508
I434A,0.0039,0.0026,0.0110,0.2245,0.1375,0.4856,-17.8958,6.6178,-0.0032,0.1947,-124.2803,11.6361,0.0058,0.1520
T376A,0.0391,0.0129,0.0049,0.9053,-0.0183,0.2439,17.4669,4.3935,-0.0111,0.9080,3.1625,14.5211,-0.0022,0.8893
F486A,-5.1716,1.1782,-3.3116,1.9904,-0.1651,1.3953,-20.4118,8.6853,-3.3836,2.2660,-84.3895,34.9513,-3.0988,2.7858
S371A,0.0003,0.0013,0.0104,0.7733,-0.0001,0.1343,0.7705,1.3459,-0.0040,0.7559,2.8820,8.9781,0.0045,0.7479
P479A,-0.0086,0.0103,0.0051,0.2289,0.0131,0.0611,-3.0560,1.4980,0.0003,0.2011,19.5468,8.1535,0.0098,0.1596
Y351A,-0.0201,0.0202,-0.0023,1.3974,0.3307,0.3286,-34.2213,7.9247,-0.0278,1.3987,-128.6144,14.3325,-0.0158,1.3982
L492A,-0.0514,0.0396,-0.0193,0.3126,0.2695,0.4189,-54.7814,15.0630,-0.0443,0.2929,-112.2144,18.1431,-0.0345,0.2648
R509A,-0.1283,0.0379,0.3286,5.4107,-2.4026,0.7471,124.8080,12.0580,0.2965,5.4013,125.2150,50.9972,0.3183,5.3987
Y365A,-0.0006,0.0003,0.0245,0.4099,0.3126,0.7197,1.7823,1.0992,0.0061,0.4059,-104.2777,19.5004,0.0190,0.3743
C488A,0.0970,0.1433,0.0254,1.1890,0.0928,0.1774,-0.1316,10.1217,0.1058,1.1934,-15.0345,13.5340,0.1615,1.1888
K417A,-0.1496,2.4162,-0.1194,21.6187,-2.5145,2.8301,66.2723,34.9526,0.8093,21.8754,209.9882,45.7968,1.2611,22.1602
P521A,-0.0001,0.0002,0.0183,0.2153,0.0018,0.1676,0.0469,0.0440,0.0027,0.1884,7.9808,2.6213,0.0139,0.1421
Y451A,-0.1110,0.0689,-0.0763,0.3523,0.1743,0.4020,6.6995,7.3517,-0.0929,0.3391,-90.0145,36.0851,-0.0886,0.3142
V395A,0.0006,0.0004,0.0136,0.2224,0.0174,0.4446,0.0541,1.7391,-0.0005,0.1962,-62.4152,6.2201,0.0087,0.1467
E471A,0.0947,0.0240,-0.5917,4.8442,2.1274,0.4413,1.7687,1.6429,-0.5793,4.8403,-15.5515,8.4325,-0.5743,4.8449
L452A,0.0445,0.0490,-0.0241,0.3810,0.0772,0.1949,-13.0988,9.7382,-0.0802,0.3533,12.7112,19.5898,-0.0873,0.3355
N450A,0.0851,0.0356,-0.0093,2.8361,0.0341,0.1897,17.5851,12.4047,-0.0144,2.8287,19.6108,25.7830,-0.0112,2.8310
S438A,-0.0681,0.0338,0.0228,0.6136,-0.0041,0.1089,-3.2297,5.1942,0.0422,0.6144,92.3946,8.9698,0.0546,0.5930
T415A,0.0613,0.0176,0.0066,1.6030,0.0267,0.1233,21.0593,5.3729,-0.0068,1.6130,-0.2680,10.0663,0.0025,1.6041
F515A,-0.0005,0.0003,0.0174,0.2506,0.2780,0.7612,-1.5657,1.6217,0.0001,0.2239,-130.3321,16.1797,0.0128,0.1872
E516A,0.0109,0.0016,-0.8133,2.8393,1.6108,0.5467,1.1533,0.5405,-0.8247,2.8491,-11.5508,5.8310,-0.8228,2.8477
L513A,0.0010,0.0009,0.0123,0.2309,0.3404,0.8417,-9.4711,3.2929,-0.0029,0.2059,-100.4134,13.6606,0.0063,0.1615
L455A,-2.8869,0.9434,-2.2768,1.6594,-0.1291,2.1892,-45.3414,34.7083,-4.4160,1.6973,-162.7771,34.0474,-4.4312,1.7549
T385A,-0.0003,0.0004,0.0147,0.9480,0.0189,0.1631,1.6957,0.7328,-0.0001,0.9552,-6.9253,4.1554,0.0085,0.9447
Q409A,0.1420,0.0537,-0.0306,1.9864,0.0408,0.2203,42.4028,23.1110,-0.0200,1.9939,112.8837,30.1555,-0.0227,1.9796
T333A,-0.0001,0.0002,0.0151,0.5638,-0.0026,0.1100,0.6846,0.4810,-0.0002,0.5427,1.8473,2.0644,0.0083,0.5401
P337A,-0.0002,0.0002,0.0146,0.2198,0.0168,0.1726,0.2791,0.3610,-0.0003,0.1905,3.1095,6.6342,0.0099,0.1448
L518A,-0.0003,0.0002,0.0192,0.2241,-0.0011,0.0796,2.0722,0.5543,0.0046,0.1984,2.5806,4.8464,0.0143,0.1575
Y396A,-0.0006,0.0003,0.0204,0.3066,0.0212,0.3022,1.0121,1.1102,0.0025,0.2859,-50.8095,14.0857,0.0150,0.2545
L461A,0.0245,0.0078,0.0044,0.2418,0.1148,0.4120,-26.7013,13.7336,0.0089,0.2238,-96.9261,19.9045,0.0043,0.1773
K378A,-0.0167,0.0203,0.4095,9.1243,-2.3580,0.4076,-3.8372,2.6230,0.3915,9.1131,34.2104,16.3813,0.4072,9.1134
Y369A,-0.0015,0.0007,0.0175,0.9481,0.0303,0.2143,2.9564,1.2236,-0.0001,0.9546,-6.7789,16.5756,0.0123,0.9461
K424A,-0.0008,0.0208,0.4679,4.5574,-2.1124,0.7091,15.5035,8.3464,0.4611,4.5582,88.2494,26.2018,0.4736,4.5538
S349A,-0.0123,0.0221,0.0152,0.4531,0.0465,0.1865,-3.1620,6.2269,-0.0003,0.4456,43.2727,13.7387,0.0118,0.4230
Q506A,0.7196,0.3340,-0.0972,4.9157,0.2997,0.5350,51.4123,42.5595,0.2397,5.2368,96.3865,46.4198,0.4162,5.3756
P507A,-0.1630,0.0690,0.0187,0.3044,-0.0297,0.2128,-23.8398,12.5153,-0.0473,0.2279,43.6683,9.9741,-0.0287,0.2259
F429A,-0.0049,0.0013,0.0131,0.2461,0.2410,0.4985,-3.1237,2.4561,-0.0012,0.2252,-132.3756,14.0864,0.0095,0.1956
T345A,0.0006,0.0024,0.0081,0.8921,-0.0046,0.0627,3.9899,1.8065,-0.0067,0.8828,6.1198,7.2397,0.0019,0.8761
N334A,-0.0002,0.0004,0.0171,1.0181,0.0057,0.1660,0.6559,0.5446,0.0043,1.0105,6.5500,3.5598,0.0116,1.0118
W353A,-0.0184,0.0075,0.0064,0.3486,-0.1875,0.6933,-8.6262,6.9286,-0.0125,0.3316,-213.1812,45.6935,0.0027,0.3094
C432A,0.0012,0.0017,0.0088,0.8716,-0.0112,0.3564,-0.4618,2.3606,-0.0056,0.8688,-24.8977,9.2873,0.0030,0.8519
Y505A,-6.1837,1.9095,-2.6639,6.1185,1.4882,3.2381,-68.0658,37.6285,-0.4344,6.7826,-273.3240,51.8976,-1.8602,7.3901
Q474A,0.2676,0.3686,-0.1551,2.5866,-0.0659,0.3761,38.7048,19.5790,-0.1652,2.5960,47.4863,31.9548,-0.1610,2.5847
D420A,0.1848,0.0912,-0.3408,7.8288,2.6430,0.5772,0.7887,3.5706,-0.3540,7.8278,37.1801,25.3546,-0.3623,7.8290
C391A,-0.0001,0.0002,0.0106,0.3880,0.0020,0.1259,0.7325,0.3391,-0.0041,0.3711,3.8978,1.7883,0.0037,0.3561
F392A,-0.0005,0.0002,0.0219,0.2444,0.2492,0.5167,1.8794,0.5375,0.0037,0.2111,-59.7820,16.2955,0.0177,0.1756
V341A,0.0019,0.0014,0.0120,0.2244,0.0957,0.2865,3.1938,1.8943,-0.0028,0.1963,-29.4374,12.1501,0.0067,0.1562
N439A,0.0814,0.1405,-0.2125,3.5378,0.0561,0.4278,27.0695,27.9386,0.1808,3.5199,72.4633,35.8617,0.2882,3.5296
E484A,-3.2302,3.5423,-3.0003,15.4954,-0.1364,5.1024,-31.9041,34.2988,-3.5352,15.5917,-68.5790,28.7159,-3.3383,15.9880
Y508A,-0.0460,0.0567,-0.0475,1.3915,0.1882,0.2723,-26.7355,15.2555,-0.1398,1.4088,-138.2519,31.0740,-0.1369,1.3977
V512A,0.0052,0.0022,0.0080,0.2264,0.0404,0.5354,-14.6345,3.6861,-0.0059,0.1993,-85.0921,6.1521,0.0030,0.1598
L425A,0.0025,0.0019,0.0078,0.2362,0.2492,0.5820,8.5723,3.2076,-0.0085,0.2116,-138.6279,9.7542,0.0018,0.1677
Q493A,-3.2690,2.1595,-1.6719,9.0259,0.3066,3.9280,83.6929,57.7430,-2.4556,9.5550,32.6263,51.6344,-1.9619,9.9325
D364A,0.0119,0.0019,-0.7895,3.2148,1.6271,0.3854,0.0135,0.4276,-0.8012,3.2117,-11.2574,3.7555,-0.7994,3.2152
F347A,-0.0094,0.0077,0.0057,0.2771,0.2437,0.4131,-5.7921,7.9359,-0.0143,0.2537,-109.1182,40.2433,0.0008,0.2123
N370A,0.0001,0.0007,0.0192,0.9393,0.0129,0.1794,4.1962,2.0211,0.0061,0.9321,6.3172,8.2206,0.0139,0.9258
C525A,-0.0001,0.0002,0.0109,0.3966,0.0041,0.1611,1.0008,0.5522,-0.0037,0.3971,4.6175,3.1895,0.0041,0.3671
E465A,0.0279,0.0082,-0.6678,5.2324,1.8679,0.6197,3.8402,2.2639,-0.6762,5.2362,-27.4697,14.5949,-0.6752,5.2359
W436A,0.0012,0.0080,-0.0035,0.4835,0.1633,0.3754,-24.7211,7.8234,-0.0191,0.4642,-202.7226,23.5688,-0.0078,0.4546
P499A,-0.1909,0.1339,-0.1825,0.3837,0.1326,0.2756,-29.1253,6.5271,0.1787,0.6940,-15.5146,8.8173,0.1869,0.6849
Q498A,-12.7693,2.3323,-13.4004,5.7916,-11.1857,4.1981,-127.8509,60.4750,-18.6442,5.8804,5.6369,35.6420,-19.3676,6.1625
